timestamp,buyer,seller,component,qty,price,traced,eventType
333595,l14,X0,c1,75002,2.26,True,NOTINVOLVED_PURCHASE
340774,l13,X4,c6,63226,6.2,True,NOTINVOLVED_PURCHASE
342285,l6,X3,c1,48956,2.44,True,NOTINVOLVED_PURCHASE
373726,l1,X5,c2,109239,12.07,True,NOTINVOLVED_PURCHASE
379749,A7,X1,c1,19077,2.54,True,NORMAL_PURCHASE
379749,A7,X2,c1,16773,2.54,True,NORMAL_PURCHASE
382538,l9,X2,c1,80592,3.62,True,NOTINVOLVED_PURCHASE
451457,l11,X4,c5,80012,17.44,True,NOTINVOLVED_PURCHASE
471693,l10,X6,c5,65724,8.18,True,NOTINVOLVED_PURCHASE
517287,l12,X3,c1,83799,3.6,True,NOTINVOLVED_PURCHASE
524725,l3,X5,c2,79868,4.66,True,NOTINVOLVED_PURCHASE
532098,A0,X2,c2,57427,10.51,True,NORMAL_PURCHASE
532098,A0,X5,c2,3807,10.51,True,NORMAL_PURCHASE
547694,l5,X2,c5,100915,6.43,True,NOTINVOLVED_PURCHASE
569051,A4,X2,c2,25516,12.11,True,NORMAL_PURCHASE
569051,A4,X2,c2,48599,12.11,True,NORMAL_PURCHASE
571097,l0,X2,c2,95018,12.49,True,NOTINVOLVED_PURCHASE
591169,l2,X5,c6,46321,9.28,True,NOTINVOLVED_PURCHASE
611126,l8,X6,c3,97067,5.25,True,NOTINVOLVED_PURCHASE
617851,A1,X2,c5,30162,23.53,True,NORMAL_PURCHASE
617851,A1,X6,c5,9663,23.53,True,NORMAL_PURCHASE
617851,A1,X4,c5,1053,23.53,True,NORMAL_PURCHASE
618106,A6,X2,c1,83567,2.01,True,NORMAL_PURCHASE
618106,A6,X3,c1,151,2.01,True,NORMAL_PURCHASE
618106,A6,X0,c1,24976,2.01,True,NORMAL_PURCHASE
632994,A2,X2,c5,21985,7.21,True,NORMAL_PURCHASE
632994,A2,X2,c5,16665,7.21,True,NORMAL_PURCHASE
632994,A2,X2,c5,7277,7.21,True,NORMAL_PURCHASE
632994,A2,X2,c5,2583,7.21,True,NORMAL_PURCHASE
713595,l7,X0,c1,96806,2.35,True,NOTINVOLVED_PURCHASE
762809,A3,X0,c1,61197,3.03,True,NORMAL_PURCHASE
762809,A3,R9,c1,10907,3.03,True,NORMAL_PURCHASE2
811615,A5,X0,c1,20761,3.47,True,NORMAL_PURCHASE
811615,A5,X0,c1,29827,3.47,True,NORMAL_PURCHASE
883511,l4,X2,c1,63675,3.34,True,NOTINVOLVED_PURCHASE
1033895,R9,X2,c1,10907,2.07,True,NORMAL_PURCHASE3
2727507,l14,X0,c1,111536,2.54,True,NOTINVOLVED_PURCHASE
2936208,l6,X6,c5,105141,17.06,True,NOTINVOLVED_PURCHASE
2943988,l1,X3,c6,119677,7.06,True,NOTINVOLVED_PURCHASE
2967477,A0,X2,c4,56948,9.0,True,NORMAL_PURCHASE
2967477,A0,X5,c4,2460,9.0,True,NORMAL_PURCHASE
2992658,l13,X5,c2,83042,10.91,True,NOTINVOLVED_PURCHASE
2995186,l12,X2,c4,73633,10.46,True,NOTINVOLVED_PURCHASE
3013357,A2,X0,c2,10282,4.76,True,NORMAL_PURCHASE
3013357,A2,X5,c2,41008,4.76,True,NORMAL_PURCHASE
3013357,A2,X2,c2,22271,4.76,True,NORMAL_PURCHASE
3019178,A6,X5,c2,6401,6.9,True,NORMAL_PURCHASE
3019178,A6,X0,c2,13558,6.9,True,NORMAL_PURCHASE
3019178,A6,X0,c2,26647,6.9,True,NORMAL_PURCHASE
3019178,A6,X5,c2,5114,6.9,True,NORMAL_PURCHASE
3042102,l11,X3,c6,108649,8.88,True,NOTINVOLVED_PURCHASE
3103643,A7,X4,c6,14645,8.63,True,NORMAL_PURCHASE
3103643,A7,X1,c6,4436,8.63,True,NORMAL_PURCHASE
3103643,A7,X1,c6,19189,8.63,True,NORMAL_PURCHASE
3103643,A7,X5,c6,2437,8.63,True,NORMAL_PURCHASE
3130242,A3,X3,c2,61094,9.8,True,NORMAL_PURCHASE
3130242,A3,X3,c2,21677,9.8,True,NORMAL_PURCHASE
3130242,A3,R7,c2,34773,9.8,True,NORMAL_PURCHASE2
3133036,l2,X6,c3,71988,4.87,True,NOTINVOLVED_PURCHASE
3133942,l9,X3,c3,95126,3.34,True,NOTINVOLVED_PURCHASE
3152659,l0,X2,c5,87973,25.26,True,NOTINVOLVED_PURCHASE
3233127,l10,X6,c5,103022,6.89,True,NOTINVOLVED_PURCHASE
3316963,A1,X0,c5,2985,17.02,True,NORMAL_PURCHASE
3316963,A1,X2,c5,25055,17.02,True,NORMAL_PURCHASE
3316963,A1,X6,c5,31262,17.02,True,NORMAL_PURCHASE
3316963,A1,X0,c5,15067,17.02,True,NORMAL_PURCHASE
3326493,l3,X1,c1,38523,2.01,True,NOTINVOLVED_PURCHASE
3348585,A4,X2,c4,63061,13.28,True,NORMAL_PURCHASE
3348585,A4,X2,c4,23391,13.28,True,NORMAL_PURCHASE
3381149,l5,X1,c6,106485,10.37,True,NOTINVOLVED_PURCHASE
3394017,l7,X0,c6,82063,10.44,True,NOTINVOLVED_PURCHASE
3409773,l8,X3,c3,50142,4.66,True,NOTINVOLVED_PURCHASE
3411041,R7,X5,c2,34773,7.25,True,NORMAL_PURCHASE3
3560141,A5,X3,c1,47589,2.0,True,NORMAL_PURCHASE
3560141,A5,R8,c1,16754,2.0,True,NORMAL_PURCHASE2
3560141,A5,X0,c1,1487,2.0,True,NORMAL_PURCHASE
3560141,A5,X2,c1,271,2.0,True,NORMAL_PURCHASE
3658075,l4,X3,c6,99630,7.35,True,NOTINVOLVED_PURCHASE
3831408,R8,X0,c1,16754,1.1,True,NORMAL_PURCHASE3
5129051,l14,X4,c5,119552,24.62,True,NOTINVOLVED_PURCHASE
5425301,l13,X5,c2,105223,12.58,True,NOTINVOLVED_PURCHASE
5500630,l12,X3,c1,35318,3.69,True,NOTINVOLVED_PURCHASE
5595314,l2,X6,c3,66998,5.05,True,NOTINVOLVED_PURCHASE
5635568,l0,X6,c3,43170,3.55,True,NOTINVOLVED_PURCHASE
5699181,A7,X5,c4,5382,9.89,True,NORMAL_PURCHASE
5699181,A7,X5,c4,106694,9.89,True,NORMAL_PURCHASE
5724427,A3,X3,c6,47515,4.47,True,NORMAL_PURCHASE
5724427,A3,X3,c6,6389,4.47,True,NORMAL_PURCHASE
5724427,A3,X5,c6,1556,4.47,True,NORMAL_PURCHASE
5730596,A0,X6,c5,56466,22.03,True,NORMAL_PURCHASE
5730596,A0,X6,c5,34631,22.03,True,NORMAL_PURCHASE
5734741,A6,X0,c2,40203,10.42,True,NORMAL_PURCHASE
5734741,A6,X2,c2,1376,10.42,True,NORMAL_PURCHASE
5734741,A6,X5,c2,148,10.42,True,NORMAL_PURCHASE
5734741,A6,X2,c2,2121,10.42,True,NORMAL_PURCHASE
5744483,l1,X1,c1,104288,3.25,True,NOTINVOLVED_PURCHASE
5772197,l3,X5,c2,98294,12.92,True,NOTINVOLVED_PURCHASE
5773985,l6,X6,c5,80836,10.25,True,NOTINVOLVED_PURCHASE
5827411,A2,X0,c2,58479,9.43,True,NORMAL_PURCHASE
5827411,A2,X5,c2,29943,9.43,True,NORMAL_PURCHASE
5868733,l11,X6,c3,111449,4.95,True,NOTINVOLVED_PURCHASE
5869411,l7,X2,c4,40434,16.66,True,NOTINVOLVED_PURCHASE
5878952,l9,X4,c6,68800,4.13,True,NOTINVOLVED_PURCHASE
5931615,l10,X5,c2,61609,12.33,True,NOTINVOLVED_PURCHASE
6057205,l5,X2,c1,32413,3.07,True,NOTINVOLVED_PURCHASE
6073110,A5,X3,c6,60181,9.55,True,NORMAL_PURCHASE
6073110,A5,X0,c6,2404,9.55,True,NORMAL_PURCHASE
6073110,A5,X3,c6,2363,9.55,True,NORMAL_PURCHASE
6073110,A5,X3,c6,6673,9.55,True,NORMAL_PURCHASE
6082447,A1,a4,c6,69089,2.73,True,SHADOW_PURCHASE1
6104504,l8,X1,c1,111965,2.41,True,NOTINVOLVED_PURCHASE
6178687,A4,a3,c2,74502,10.62,True,SHADOW_PURCHASE1
6337250,a4,x1,c6,69089,2.24,False,SHADOW_PURCHASE2
6442626,a3,x1,c2,74502,6.34,False,SHADOW_PURCHASE2
6488198,l4,X2,c5,70807,6.83,True,NOTINVOLVED_PURCHASE
6603638,x1,X5,c6,69089,1.35,True,SHADOW_PURCHASE3
6693021,x1,X5,c2,74502,5.08,True,SHADOW_PURCHASE3
7535615,l14,X0,c2,40113,4.13,True,NOTINVOLVED_PURCHASE
8015063,l13,X0,c2,53034,3.57,True,NOTINVOLVED_PURCHASE
8019064,l12,X4,c6,50094,9.99,True,NOTINVOLVED_PURCHASE
8221567,l2,X1,c6,71670,9.1,True,NOTINVOLVED_PURCHASE
8240811,A2,X2,c4,16238,8.19,True,NORMAL_PURCHASE
8240811,A2,X5,c4,21731,8.19,True,NORMAL_PURCHASE
8240811,A2,X2,c4,68370,8.19,True,NORMAL_PURCHASE
8276299,l6,X0,c6,98923,9.87,True,NOTINVOLVED_PURCHASE
8291794,A0,X5,c4,44578,9.22,True,NORMAL_PURCHASE
8291794,A0,X5,c4,24625,9.22,True,NORMAL_PURCHASE
8291794,A0,X5,c4,11034,9.22,True,NORMAL_PURCHASE
8304338,A7,X4,c5,15856,22.3,True,NORMAL_PURCHASE
8304338,A7,X2,c5,8585,22.3,True,NORMAL_PURCHASE
8304338,A7,X2,c5,7656,22.3,True,NORMAL_PURCHASE
8316549,A6,a5,c4,95308,11.03,True,SHADOW_PURCHASE1
8361391,l3,X1,c1,43282,3.16,True,NOTINVOLVED_PURCHASE
8447327,l0,X0,c5,102950,19.97,True,NOTINVOLVED_PURCHASE
8505665,A3,a0,c4,45564,15.86,True,SHADOW_PURCHASE1
8543827,l11,X0,c1,79236,2.97,True,NOTINVOLVED_PURCHASE
8551200,l9,X1,c6,61263,4.83,True,NOTINVOLVED_PURCHASE
8553533,l1,X3,c6,57463,4.87,True,NOTINVOLVED_PURCHASE
8567350,A4,X1,c1,30115,3.81,True,NORMAL_PURCHASE
8567350,A4,X0,c1,38548,3.81,True,NORMAL_PURCHASE
8572323,a5,x3,c4,95308,5.33,False,SHADOW_PURCHASE2
8574052,l7,X3,c1,100656,2.36,True,NOTINVOLVED_PURCHASE
8621814,l10,X6,c3,30524,6.01,True,NOTINVOLVED_PURCHASE
8681296,A1,X2,c5,9143,7.89,True,NORMAL_PURCHASE
8681296,A1,X2,c5,102722,7.89,True,NORMAL_PURCHASE
8764361,a0,x1,c4,45564,9.33,False,SHADOW_PURCHASE2
8823013,x3,X5,c4,95308,2.72,True,SHADOW_PURCHASE3
8847841,l8,X6,c3,73826,3.26,True,NOTINVOLVED_PURCHASE
8854892,A5,X0,c5,34423,6.47,True,NORMAL_PURCHASE
8854892,A5,X0,c5,48099,6.47,True,NORMAL_PURCHASE
8854892,A5,X2,c5,14848,6.47,True,NORMAL_PURCHASE
8854892,A5,X0,c5,18048,6.47,True,NORMAL_PURCHASE
8874789,l5,X0,c5,62703,17.03,True,NOTINVOLVED_PURCHASE
8955775,l4,X4,c5,35868,12.38,True,NOTINVOLVED_PURCHASE
9003787,x1,X2,c4,45564,5.16,True,SHADOW_PURCHASE3
10038351,l14,X4,c5,112260,22.45,True,NOTINVOLVED_PURCHASE
10452324,l13,X0,c2,105194,10.35,True,NOTINVOLVED_PURCHASE
10482538,l12,X4,c6,52691,6.61,True,NOTINVOLVED_PURCHASE
10685243,A7,X2,c4,3606,15.22,True,NORMAL_PURCHASE
10685243,A7,a2,c4,4629,15.22,True,SHADOW_PURCHASE1
10685243,A7,X5,c4,57596,15.22,True,NORMAL_PURCHASE
10685243,A7,X2,c4,19123,15.22,True,NORMAL_PURCHASE
10735356,l6,X0,c1,89480,3.43,True,NOTINVOLVED_PURCHASE
10756132,l2,X5,c6,50913,8.65,True,NOTINVOLVED_PURCHASE
10859144,A6,X0,c6,49370,2.98,True,NORMAL_PURCHASE
10859144,A6,X5,c6,1163,2.98,True,NORMAL_PURCHASE
10859144,A6,X5,c6,2011,2.98,True,NORMAL_PURCHASE
10911727,A2,a4,c6,70383,10.05,True,SHADOW_PURCHASE1
10955533,A0,X5,c4,10869,13.48,True,NORMAL_PURCHASE
10955533,A0,X2,c4,3083,13.48,True,NORMAL_PURCHASE
10955533,A0,X5,c4,30224,13.48,True,NORMAL_PURCHASE
10960772,a2,x3,c4,4629,12.12,False,SHADOW_PURCHASE2
10972440,l3,X2,c2,86672,4.08,True,NOTINVOLVED_PURCHASE
11024214,A3,X5,c4,9729,12.55,True,NORMAL_PURCHASE
11024214,A3,a0,c4,78274,12.55,True,SHADOW_PURCHASE1
11152456,a4,x1,c6,70383,8.43,False,SHADOW_PURCHASE2
11200307,l1,X1,c1,76542,2.33,True,NOTINVOLVED_PURCHASE
11238981,x3,X5,c4,4629,8.14,True,SHADOW_PURCHASE3
11259862,l9,X4,c6,51598,9.07,True,NOTINVOLVED_PURCHASE
11268265,l0,X6,c5,35550,6.78,True,NOTINVOLVED_PURCHASE
11285454,A1,X0,c6,39568,7.1,True,NORMAL_PURCHASE
11285454,A1,a2,c6,22089,7.1,True,SHADOW_PURCHASE1
11285454,A1,X4,c6,3960,7.1,True,NORMAL_PURCHASE
11285454,A1,X4,c6,7755,7.1,True,NORMAL_PURCHASE
11288083,a0,x1,c4,78274,11.6,False,SHADOW_PURCHASE2
11309327,A4,X2,c4,61928,14.91,True,NORMAL_PURCHASE
11309327,A4,a3,c4,5856,14.91,True,SHADOW_PURCHASE1
11309327,A4,X2,c4,30280,14.91,True,NORMAL_PURCHASE
11315310,A5,X3,c3,2882,3.33,True,NORMAL_PURCHASE
11315310,A5,X3,c3,18560,3.33,True,NORMAL_PURCHASE
11315310,A5,R7,c3,20166,3.33,True,NORMAL_PURCHASE2
11315310,A5,a3,c3,14173,3.33,True,SHADOW_PURCHASE1
11324834,l7,X0,c2,53445,5.53,True,NOTINVOLVED_PURCHASE
11347123,l10,X3,c6,87997,8.94,True,NOTINVOLVED_PURCHASE
11347586,l11,X4,c6,70262,4.5,True,NOTINVOLVED_PURCHASE
11426147,x1,X0,c6,70383,7.28,True,SHADOW_PURCHASE3
11472748,l8,X3,c3,63446,2.63,True,NOTINVOLVED_PURCHASE
11525510,x1,X2,c4,78274,7.88,True,SHADOW_PURCHASE3
11530926,a2,x0,c6,22089,4.62,False,SHADOW_PURCHASE2
11563052,a3,x0,c4,5856,9.8,False,SHADOW_PURCHASE2
11569913,a3,x4,c3,14173,2.39,False,SHADOW_PURCHASE2
11590650,R7,X3,c3,20166,2.15,True,NORMAL_PURCHASE3
11605276,l4,X3,c6,102158,6.28,True,NOTINVOLVED_PURCHASE
11651169,l5,X1,c1,113542,3.25,True,NOTINVOLVED_PURCHASE
11801314,x0,X5,c6,22089,2.88,True,SHADOW_PURCHASE3
11807643,x0,X2,c4,5856,7.29,True,SHADOW_PURCHASE3
11852339,x4,X3,c3,14173,1.05,True,SHADOW_PURCHASE3
12833911,l14,X1,c1,88451,2.53,True,NOTINVOLVED_PURCHASE
12866324,l13,X0,c6,80345,4.18,True,NOTINVOLVED_PURCHASE
12881596,l12,X2,c4,37530,6.1,True,NOTINVOLVED_PURCHASE
13179540,l6,X0,c1,66664,2.02,True,NOTINVOLVED_PURCHASE
13372869,A0,X3,c1,12665,2.84,True,NORMAL_PURCHASE
13372869,A0,X3,c1,31015,2.84,True,NORMAL_PURCHASE
13409743,A6,X2,c1,1383,2.88,True,NORMAL_PURCHASE
13409743,A6,X0,c1,21920,2.88,True,NORMAL_PURCHASE
13409743,A6,X0,c1,1532,2.88,True,NORMAL_PURCHASE
13409743,A6,X0,c1,8518,2.88,True,NORMAL_PURCHASE
13556516,A7,X5,c2,34736,6.42,True,NORMAL_PURCHASE
13556516,A7,X5,c2,35382,6.42,True,NORMAL_PURCHASE
13592396,l2,X6,c5,65165,24.96,True,NOTINVOLVED_PURCHASE
13621030,A2,X0,c5,72496,6.5,True,NORMAL_PURCHASE
13621030,A2,X0,c5,30784,6.5,True,NORMAL_PURCHASE
13622920,A3,X6,c3,9322,4.05,True,NORMAL_PURCHASE
13622920,A3,a2,c3,11073,4.05,True,SHADOW_PURCHASE1
13622920,A3,X3,c3,29082,4.05,True,NORMAL_PURCHASE
13622920,A3,X3,c3,9878,4.05,True,NORMAL_PURCHASE
13680882,l0,X2,c1,83867,2.31,True,NOTINVOLVED_PURCHASE
13768409,l11,X6,c3,99589,5.62,True,NOTINVOLVED_PURCHASE
13775728,l10,X5,c4,103140,15.74,True,NOTINVOLVED_PURCHASE
13801944,l3,X5,c2,64251,5.74,True,NOTINVOLVED_PURCHASE
13818271,A4,a1,c5,51907,24.03,True,SHADOW_PURCHASE1
13879727,a2,x0,c3,11073,2.94,False,SHADOW_PURCHASE2
13917568,l8,X6,c5,113326,16.72,True,NOTINVOLVED_PURCHASE
13930597,l7,X0,c5,114739,15.86,True,NOTINVOLVED_PURCHASE
13937350,A1,X6,c5,107438,24.35,True,NORMAL_PURCHASE
13937350,A1,X6,c5,1996,24.35,True,NORMAL_PURCHASE
14031884,l9,X3,c2,64468,12.89,True,NOTINVOLVED_PURCHASE
14056308,l5,X4,c5,110943,17.14,True,NOTINVOLVED_PURCHASE
14056912,a1,x2,c5,51907,17.17,False,SHADOW_PURCHASE2
14057808,l4,X2,c1,56049,2.11,True,NOTINVOLVED_PURCHASE
14069174,l1,X1,c1,81464,3.77,True,NOTINVOLVED_PURCHASE
14095311,A5,X2,c4,2433,15.06,True,NORMAL_PURCHASE
14095311,A5,X5,c4,3400,15.06,True,NORMAL_PURCHASE
14095311,A5,X5,c4,2271,15.06,True,NORMAL_PURCHASE
14095311,A5,X5,c4,33920,15.06,True,NORMAL_PURCHASE
14137568,x0,X6,c3,11073,1.05,True,SHADOW_PURCHASE3
14336932,x2,X0,c5,51907,11.3,True,SHADOW_PURCHASE3
15246596,l14,X4,c5,39444,27.1,True,NOTINVOLVED_PURCHASE
15453189,l13,X5,c2,58843,9.52,True,NOTINVOLVED_PURCHASE
15461744,l12,X2,c4,82199,11.55,True,NOTINVOLVED_PURCHASE
15799140,l6,X6,c5,84585,15.04,True,NOTINVOLVED_PURCHASE
16029214,l2,X4,c5,98021,26.58,True,NOTINVOLVED_PURCHASE
16129545,A6,a1,c5,81876,11.53,True,SHADOW_PURCHASE1
16169072,A0,X5,c4,21225,15.78,True,NORMAL_PURCHASE
16169072,A0,X2,c4,11283,15.78,True,NORMAL_PURCHASE
16169072,A0,X5,c4,21700,15.78,True,NORMAL_PURCHASE
16182089,A3,a5,c4,78084,7.01,True,SHADOW_PURCHASE1
16212701,l0,X6,c5,109713,25.17,True,NOTINVOLVED_PURCHASE
16216671,l11,X0,c2,90915,12.2,True,NOTINVOLVED_PURCHASE
16278471,A4,R9,c1,26161,2.83,True,NORMAL_PURCHASE2
16278471,A4,X2,c1,65009,2.83,True,NORMAL_PURCHASE
16299475,A7,a5,c1,57302,3.35,True,SHADOW_PURCHASE1
16336354,l7,X0,c6,68098,6.61,True,NOTINVOLVED_PURCHASE
16386801,l3,X2,c5,62169,12.9,True,NOTINVOLVED_PURCHASE
16393157,a1,x3,c5,81876,7.79,False,SHADOW_PURCHASE2
16441817,A1,X0,c1,1123,3.12,True,NORMAL_PURCHASE
16441817,A1,X2,c1,39301,3.12,True,NORMAL_PURCHASE
16443080,A2,X5,c6,56961,7.02,True,NORMAL_PURCHASE
16443080,A2,X3,c6,9519,7.02,True,NORMAL_PURCHASE
16443080,A2,X0,c6,3918,7.02,True,NORMAL_PURCHASE
16451181,a5,x5,c4,78084,3.94,False,SHADOW_PURCHASE2
16496830,l8,X0,c5,35543,26.24,True,NOTINVOLVED_PURCHASE
16498518,l5,X4,c6,80269,4.34,True,NOTINVOLVED_PURCHASE
16510670,l10,X3,c6,41025,8.45,True,NOTINVOLVED_PURCHASE
16544068,R9,X2,c1,26161,2.64,True,NORMAL_PURCHASE3
16559428,a5,x5,c1,57302,3.03,False,SHADOW_PURCHASE2
16570178,l1,X3,c2,105742,12.73,True,NOTINVOLVED_PURCHASE
16626402,A5,X3,c6,27184,4.96,True,NORMAL_PURCHASE
16626402,A5,X5,c6,19271,4.96,True,NORMAL_PURCHASE
16626402,A5,X3,c6,151,4.96,True,NORMAL_PURCHASE
16671173,x3,X0,c5,81876,5.24,True,SHADOW_PURCHASE3
16730794,x5,X5,c4,78084,2.61,True,SHADOW_PURCHASE3
16830086,l4,X4,c5,101555,20.94,True,NOTINVOLVED_PURCHASE
16836838,x5,X0,c1,57302,2.54,True,SHADOW_PURCHASE3
16911711,l9,X4,c6,55083,6.76,True,NOTINVOLVED_PURCHASE
17625193,l14,X4,c5,81458,13.7,True,NOTINVOLVED_PURCHASE
17837806,l13,X6,c5,110471,15.59,True,NOTINVOLVED_PURCHASE
18098236,l12,X2,c2,119386,4.21,True,NOTINVOLVED_PURCHASE
18357984,l6,X6,c5,106565,28.03,True,NOTINVOLVED_PURCHASE
18574471,A3,X0,c2,27184,13.13,True,NORMAL_PURCHASE
18574471,A3,X3,c2,3610,13.13,True,NORMAL_PURCHASE
18574471,A3,X0,c2,2530,13.13,True,NORMAL_PURCHASE
18574471,A3,a2,c2,7247,13.13,True,SHADOW_PURCHASE1
18600056,A0,X3,c3,67245,5.27,True,NORMAL_PURCHASE
18600056,A0,X3,c3,6329,5.27,True,NORMAL_PURCHASE
18600056,A0,X3,c3,21447,5.27,True,NORMAL_PURCHASE
18708187,A4,X4,c6,43395,5.99,True,NORMAL_PURCHASE
18708187,A4,a4,c6,5935,5.99,True,SHADOW_PURCHASE1
18720472,l11,X3,c3,47066,4.55,True,NOTINVOLVED_PURCHASE
18723288,l0,X0,c1,100913,2.68,True,NOTINVOLVED_PURCHASE
18779388,l2,X6,c5,82775,23.45,True,NOTINVOLVED_PURCHASE
18825780,A1,X6,c5,30414,7.96,True,NORMAL_PURCHASE
18825780,A1,X4,c5,32873,7.96,True,NORMAL_PURCHASE
18848153,a2,x1,c2,7247,7.75,False,SHADOW_PURCHASE2
18899538,A6,a0,c4,72081,12.03,True,SHADOW_PURCHASE1
18955655,A7,X2,c4,13952,14.33,True,NORMAL_PURCHASE
18955655,A7,X5,c4,54137,14.33,True,NORMAL_PURCHASE
18959411,l5,X0,c1,51278,2.53,True,NOTINVOLVED_PURCHASE
18980318,a4,x4,c6,5935,4.47,False,SHADOW_PURCHASE2
19045396,A2,a3,c3,37778,4.92,True,SHADOW_PURCHASE1
19116576,x1,X2,c2,7247,4.09,True,SHADOW_PURCHASE3
19165527,a0,x0,c4,72081,5.3,False,SHADOW_PURCHASE2
19179805,l7,X1,c6,32936,6.21,True,NOTINVOLVED_PURCHASE
19206580,A5,a1,c2,781,6.33,True,SHADOW_PURCHASE1
19206580,A5,X0,c2,94,6.33,True,NORMAL_PURCHASE
19206580,A5,X2,c2,29717,6.33,True,NORMAL_PURCHASE
19206580,A5,X0,c2,129,6.33,True,NORMAL_PURCHASE
19223787,l8,X3,c3,65782,5.7,True,NOTINVOLVED_PURCHASE
19227759,l3,X1,c6,88020,4.76,True,NOTINVOLVED_PURCHASE
19229184,x4,X5,c6,5935,2.05,True,SHADOW_PURCHASE3
19295404,a3,x0,c3,37778,3.01,False,SHADOW_PURCHASE2
19315360,l10,X3,c3,96053,4.16,True,NOTINVOLVED_PURCHASE
19331962,l1,X3,c3,110435,3.17,True,NOTINVOLVED_PURCHASE
19416148,x0,X5,c4,72081,3.41,True,SHADOW_PURCHASE3
19444179,a1,x0,c2,781,3.11,False,SHADOW_PURCHASE2
19560796,x0,X6,c3,37778,2.55,True,SHADOW_PURCHASE3
19642110,l4,X4,c6,82704,5.96,True,NOTINVOLVED_PURCHASE
19702151,x0,X2,c2,781,2.59,True,SHADOW_PURCHASE3
19800798,l9,X3,c3,66035,5.23,True,NOTINVOLVED_PURCHASE
20020637,l14,X6,c3,93794,2.9,True,NOTINVOLVED_PURCHASE
20319806,l13,X0,c1,75463,2.4,True,NOTINVOLVED_PURCHASE
20726723,l6,X3,c2,91833,9.36,True,NOTINVOLVED_PURCHASE
20964360,l12,X3,c2,38952,11.87,True,NOTINVOLVED_PURCHASE
20978793,A3,a0,c2,80984,9.03,True,SHADOW_PURCHASE1
20998367,A0,X2,c5,17777,21.5,True,NORMAL_PURCHASE
20998367,A0,X6,c5,24516,21.5,True,NORMAL_PURCHASE
20998367,A0,a5,c5,3354,21.5,True,SHADOW_PURCHASE1
20998367,A0,a4,c5,12867,21.5,True,SHADOW_PURCHASE1
21166015,l11,X0,c6,107250,9.2,True,NOTINVOLVED_PURCHASE
21230055,a0,x3,c2,80984,4.34,False,SHADOW_PURCHASE2
21234192,A4,a5,c5,45870,27.88,True,SHADOW_PURCHASE1
21264980,a4,x2,c5,12867,18.13,False,SHADOW_PURCHASE2
21272179,a5,x1,c5,3354,15.44,False,SHADOW_PURCHASE2
21462696,l2,X6,c5,63502,18.64,True,NOTINVOLVED_PURCHASE
21478411,l0,X2,c2,63130,13.43,True,NOTINVOLVED_PURCHASE
21479117,a5,x5,c5,45870,14.92,False,SHADOW_PURCHASE2
21480921,x3,X0,c2,80984,2.91,True,SHADOW_PURCHASE3
21517143,x1,X2,c5,3354,10.47,True,SHADOW_PURCHASE3
21531879,x2,X6,c5,12867,14.97,True,SHADOW_PURCHASE3
21532670,l5,X1,c6,108740,6.93,True,NOTINVOLVED_PURCHASE
21609155,A1,a4,c1,93954,2.32,True,SHADOW_PURCHASE1
21620777,A6,a1,c2,51759,7.38,True,SHADOW_PURCHASE1
21694391,l7,X1,c1,82352,3.64,True,NOTINVOLVED_PURCHASE
21726845,A7,X5,c2,47420,7.71,True,NORMAL_PURCHASE
21726845,A7,X5,c2,13142,7.71,True,NORMAL_PURCHASE
21727609,x5,X0,c5,45870,10.71,True,SHADOW_PURCHASE3
21737327,A2,a3,c4,42135,11.43,True,SHADOW_PURCHASE1
21737327,A2,X2,c4,67290,11.43,True,NORMAL_PURCHASE
21756533,l10,X2,c5,31371,9.86,True,NOTINVOLVED_PURCHASE
21857111,l8,X1,c1,69184,3.52,True,NOTINVOLVED_PURCHASE
21862299,a4,x1,c1,93954,1.97,False,SHADOW_PURCHASE2
21864105,a1,x4,c2,51759,5.49,False,SHADOW_PURCHASE2
21877539,l3,X5,c2,87645,10.27,True,NOTINVOLVED_PURCHASE
21939396,l1,X3,c3,47052,5.75,True,NOTINVOLVED_PURCHASE
21989263,a3,x1,c4,42135,4.67,False,SHADOW_PURCHASE2
22010848,A5,a1,c1,108583,2.35,True,SHADOW_PURCHASE1
22045727,l4,X2,c1,105692,2.87,True,NOTINVOLVED_PURCHASE
22144631,x1,X0,c1,93954,1.0,True,SHADOW_PURCHASE3
22148393,x4,X3,c2,51759,3.46,True,SHADOW_PURCHASE3
22228084,x1,X2,c4,42135,3.03,True,SHADOW_PURCHASE3
22268618,a1,x0,c1,108583,1.9,False,SHADOW_PURCHASE2
22518539,l9,X4,c6,111353,8.8,True,NOTINVOLVED_PURCHASE
22528548,x0,X2,c1,108583,1.0,True,SHADOW_PURCHASE3
22697491,l14,X0,c5,109911,6.25,True,NOTINVOLVED_PURCHASE
22745248,l13,X0,c5,39493,8.14,True,NOTINVOLVED_PURCHASE
23346121,l6,X3,c1,75843,2.32,True,NOTINVOLVED_PURCHASE
23397731,A3,X0,c2,55564,13.09,True,NORMAL_PURCHASE
23397731,A3,a1,c2,62333,13.09,True,SHADOW_PURCHASE1
23657655,a1,x2,c2,62333,10.58,False,SHADOW_PURCHASE2
23724600,A4,a4,c1,4283,3.25,True,SHADOW_PURCHASE1
23724600,A4,X0,c1,4705,3.25,True,NORMAL_PURCHASE
23724600,A4,X2,c1,35417,3.25,True,NORMAL_PURCHASE
23782927,A0,X5,c6,84625,3.67,True,NORMAL_PURCHASE
23782927,A0,X3,c6,17338,3.67,True,NORMAL_PURCHASE
23819979,l12,X2,c2,45481,10.95,True,NOTINVOLVED_PURCHASE
23887539,l11,X0,c1,71945,2.94,True,NOTINVOLVED_PURCHASE
23931097,x2,X0,c2,62333,5.6,True,SHADOW_PURCHASE3
24001456,a4,x2,c1,4283,1.84,False,SHADOW_PURCHASE2
24008959,l0,X3,c1,74572,2.22,True,NOTINVOLVED_PURCHASE
24075595,A1,a1,c1,15723,3.39,True,SHADOW_PURCHASE1
24075595,A1,X2,c1,49169,3.39,True,NORMAL_PURCHASE
24075595,A1,a1,c1,41926,3.39,True,SHADOW_PURCHASE1
24075595,A1,X0,c1,7261,3.39,True,NORMAL_PURCHASE
24156812,l10,X6,c5,62045,27.41,True,NOTINVOLVED_PURCHASE
24207080,l2,X6,c3,94364,5.63,True,NOTINVOLVED_PURCHASE
24225486,l7,X3,c2,100029,8.07,True,NOTINVOLVED_PURCHASE
24250779,l8,X6,c5,118361,23.35,True,NOTINVOLVED_PURCHASE
24258548,x2,X0,c1,4283,1.0,True,SHADOW_PURCHASE3
24302203,A6,a1,c5,21379,26.11,True,SHADOW_PURCHASE1
24302203,A6,a4,c5,1818,26.11,True,SHADOW_PURCHASE1
24302203,A6,X2,c5,8378,26.11,True,NORMAL_PURCHASE
24304143,l5,X0,c1,86946,3.66,True,NOTINVOLVED_PURCHASE
24345308,a1,x3,c1,15723,2.65,False,SHADOW_PURCHASE2
24345393,a1,x4,c1,41926,2.85,False,SHADOW_PURCHASE2
24368082,A2,a2,c5,97559,10.9,True,SHADOW_PURCHASE1
24381565,A5,a1,c3,118789,3.17,True,SHADOW_PURCHASE1
24412480,A7,X5,c2,40265,6.98,True,NORMAL_PURCHASE
24412480,A7,X2,c2,38216,6.98,True,NORMAL_PURCHASE
24558336,a4,x3,c5,1818,23.44,False,SHADOW_PURCHASE2
24561467,a1,x3,c5,21379,22.4,False,SHADOW_PURCHASE2
24591170,x4,X0,c1,41926,1.26,True,SHADOW_PURCHASE3
24616852,a2,x1,c5,97559,4.54,False,SHADOW_PURCHASE2
24621870,x3,X0,c1,15723,1.94,True,SHADOW_PURCHASE3
24628154,l3,X5,c6,67072,8.4,True,NOTINVOLVED_PURCHASE
24655771,a1,x2,c3,118789,2.82,False,SHADOW_PURCHASE2
24797622,l4,X2,c2,49775,10.8,True,NOTINVOLVED_PURCHASE
24800977,x3,X0,c5,1818,19.76,True,SHADOW_PURCHASE3
24807102,x3,X0,c5,21379,15.45,True,SHADOW_PURCHASE3
24827398,l1,X5,c2,92159,5.95,True,NOTINVOLVED_PURCHASE
24855073,x1,X2,c5,97559,3.43,True,SHADOW_PURCHASE3
24912287,l9,X2,c2,41356,6.86,True,NOTINVOLVED_PURCHASE
24939105,x2,X6,c3,118789,1.09,True,SHADOW_PURCHASE3
25399965,l13,X0,c6,119074,4.05,True,NOTINVOLVED_PURCHASE
25416339,l14,X1,c6,71165,9.05,True,NOTINVOLVED_PURCHASE
25989079,A3,a2,c1,40714,3.1,True,SHADOW_PURCHASE1
25989079,A3,X3,c1,23552,3.1,True,NORMAL_PURCHASE
25989079,A3,R7,c1,966,3.1,True,NORMAL_PURCHASE2
26034292,l6,X6,c3,91871,4.94,True,NOTINVOLVED_PURCHASE
26241121,R7,X3,c1,966,2.67,True,NORMAL_PURCHASE3
26266704,a2,x1,c1,40714,1.19,False,SHADOW_PURCHASE2
26429331,A0,a3,c2,42135,12.19,True,SHADOW_PURCHASE1
26483411,l0,X0,c2,71284,11.52,True,NOTINVOLVED_PURCHASE
26504645,x1,X0,c1,40714,1.0,True,SHADOW_PURCHASE3
26559745,A4,a3,c5,110022,23.07,True,SHADOW_PURCHASE1
26637873,l12,X5,c2,70509,7.65,True,NOTINVOLVED_PURCHASE
26656180,l10,X5,c6,50128,3.99,True,NOTINVOLVED_PURCHASE
26685697,l11,X3,c1,72875,3.76,True,NOTINVOLVED_PURCHASE
26708210,a3,x1,c2,42135,10.76,False,SHADOW_PURCHASE2
26804489,a3,x1,c5,110022,16.25,False,SHADOW_PURCHASE2
26847073,l2,X6,c3,104639,3.54,True,NOTINVOLVED_PURCHASE
26868547,A5,a4,c1,88901,3.3,True,SHADOW_PURCHASE1
26877735,l5,X2,c2,69847,4.13,True,NOTINVOLVED_PURCHASE
26900499,A7,X4,c5,56053,21.15,True,NORMAL_PURCHASE
26900499,A7,X2,c5,41243,21.15,True,NORMAL_PURCHASE
26900499,A7,X4,c5,1756,21.15,True,NORMAL_PURCHASE
26900499,A7,R6,c5,993,21.15,True,NORMAL_PURCHASE2
26905931,A1,R7,c2,728,8.86,True,NORMAL_PURCHASE2
26905931,A1,X2,c2,818,8.86,True,NORMAL_PURCHASE
26905931,A1,X2,c2,28949,8.86,True,NORMAL_PURCHASE
26959693,x1,X5,c2,42135,6.62,True,SHADOW_PURCHASE3
27003921,l7,X2,c2,111031,10.75,True,NOTINVOLVED_PURCHASE
27079371,x1,X0,c5,110022,14.87,True,SHADOW_PURCHASE3
27087549,l8,X1,c1,77378,2.26,True,NOTINVOLVED_PURCHASE
27118526,A6,a0,c6,99150,9.93,True,SHADOW_PURCHASE1
27125827,l3,X2,c4,34834,11.38,True,NOTINVOLVED_PURCHASE
27145277,a4,x2,c1,88901,3.3,False,SHADOW_PURCHASE2
27163516,A2,a2,c6,64119,6.74,True,SHADOW_PURCHASE1
27163516,A2,X0,c6,7431,6.74,True,NORMAL_PURCHASE
27173750,R7,X5,c2,728,5.11,True,NORMAL_PURCHASE3
27175810,R6,X0,c5,993,18.16,True,NORMAL_PURCHASE3
27268059,l1,X5,c2,88905,9.91,True,NOTINVOLVED_PURCHASE
27292763,l4,X4,c6,102780,7.34,True,NOTINVOLVED_PURCHASE
27356445,l9,X2,c5,108850,10.53,True,NOTINVOLVED_PURCHASE
27366968,a0,x3,c6,99150,7.01,False,SHADOW_PURCHASE2
27409905,a2,x0,c6,64119,3.9,False,SHADOW_PURCHASE2
27411631,x2,X3,c1,88901,2.66,True,SHADOW_PURCHASE3
27602258,x3,X0,c6,99150,4.05,True,SHADOW_PURCHASE3
27654286,x0,X0,c6,64119,2.35,True,SHADOW_PURCHASE3
28069630,l14,X4,c6,85389,4.2,True,NOTINVOLVED_PURCHASE
28215824,l13,X5,c2,98797,11.76,True,NOTINVOLVED_PURCHASE
28778309,A3,a1,c2,2311,9.75,True,SHADOW_PURCHASE1
28778309,A3,X3,c2,85881,9.75,True,NORMAL_PURCHASE
28778309,A3,R7,c2,20322,9.75,True,NORMAL_PURCHASE2
28826059,l6,X2,c1,52574,2.89,True,NOTINVOLVED_PURCHASE
28940490,A0,a3,c4,49294,9.85,True,SHADOW_PURCHASE1
29025652,a1,x3,c2,2311,7.93,False,SHADOW_PURCHASE2
29026762,R7,X3,c2,20322,8.6,True,NORMAL_PURCHASE3
29053498,l12,X5,c6,85328,4.57,True,NOTINVOLVED_PURCHASE
29149227,l0,X0,c2,64126,4.78,True,NOTINVOLVED_PURCHASE
29155184,l10,X5,c6,113696,6.74,True,NOTINVOLVED_PURCHASE
29189880,a3,x4,c4,49294,8.87,False,SHADOW_PURCHASE2
29236863,l11,X6,c3,102490,4.58,True,NOTINVOLVED_PURCHASE
29264741,x3,X5,c2,2311,4.95,True,SHADOW_PURCHASE3
29332149,l5,X0,c6,117446,7.23,True,NOTINVOLVED_PURCHASE
29376717,A4,X2,c5,30091,17.42,True,NORMAL_PURCHASE
29376717,A4,X2,c5,72535,17.42,True,NORMAL_PURCHASE
29376717,A4,a4,c5,4938,17.42,True,SHADOW_PURCHASE1
29383272,l2,X1,c6,116311,4.02,True,NOTINVOLVED_PURCHASE
29445574,x4,X5,c4,49294,7.27,True,SHADOW_PURCHASE3
29529078,A7,X5,c2,87350,6.59,True,NORMAL_PURCHASE
29529078,A7,a5,c2,2761,6.59,True,SHADOW_PURCHASE1
29529078,A7,X5,c2,1373,6.59,True,NORMAL_PURCHASE
29582758,l7,X0,c6,53279,5.27,True,NOTINVOLVED_PURCHASE
29627350,a4,x2,c5,4938,13.75,False,SHADOW_PURCHASE2
29637299,l8,X1,c1,48454,1.99,True,NOTINVOLVED_PURCHASE
29739219,A5,X2,c1,68840,3.83,True,NORMAL_PURCHASE
29739219,A5,X3,c1,163,3.83,True,NORMAL_PURCHASE
29739219,A5,a2,c1,2471,3.83,True,SHADOW_PURCHASE1
29739219,A5,X0,c1,510,3.83,True,NORMAL_PURCHASE
29754019,A1,X2,c4,51,9.9,True,NORMAL_PURCHASE
29754019,A1,a1,c4,21054,9.9,True,SHADOW_PURCHASE1
29754019,A1,a4,c4,11916,9.9,True,SHADOW_PURCHASE1
29754019,A1,a1,c4,66176,9.9,True,SHADOW_PURCHASE1
29754108,l9,X3,c6,102420,9.52,True,NOTINVOLVED_PURCHASE
29793371,a5,x5,c2,2761,4.63,False,SHADOW_PURCHASE2
29809010,l1,X3,c3,92399,2.6,True,NOTINVOLVED_PURCHASE
29856430,A2,a2,c3,90023,5.59,True,SHADOW_PURCHASE1
29902977,x2,X6,c5,4938,10.11,True,SHADOW_PURCHASE3
29903591,l3,X1,c6,115390,6.0,True,NOTINVOLVED_PURCHASE
29945918,l4,X3,c6,90196,8.19,True,NOTINVOLVED_PURCHASE
29964144,A6,a1,c1,54208,3.5,True,SHADOW_PURCHASE1
30005628,a4,x1,c4,11916,6.27,False,SHADOW_PURCHASE2
30007283,a1,x0,c4,21054,4.71,False,SHADOW_PURCHASE2
30023942,a2,x2,c1,2471,2.98,False,SHADOW_PURCHASE2
30030794,a1,x4,c4,66176,8.99,False,SHADOW_PURCHASE2
30056696,x5,X5,c2,2761,2.27,True,SHADOW_PURCHASE3
30115437,a2,x1,c3,90023,3.61,False,SHADOW_PURCHASE2
30228889,a1,x0,c1,54208,2.14,False,SHADOW_PURCHASE2
30261389,x1,X5,c4,11916,5.21,True,SHADOW_PURCHASE3
30266809,x2,X3,c1,2471,1.19,True,SHADOW_PURCHASE3
30270198,x0,X5,c4,21054,2.09,True,SHADOW_PURCHASE3
30284124,x4,X5,c4,66176,7.34,True,SHADOW_PURCHASE3
30390354,x1,X6,c3,90023,2.9,True,SHADOW_PURCHASE3
30503072,x0,X2,c1,54208,1.38,True,SHADOW_PURCHASE3
30816803,l14,X4,c5,119141,13.16,True,NOTINVOLVED_PURCHASE
31077282,l13,X0,c2,39955,7.24,True,NOTINVOLVED_PURCHASE
31444787,A3,a1,c2,114715,5.32,True,SHADOW_PURCHASE1
31557083,l6,X0,c6,59191,10.14,True,NOTINVOLVED_PURCHASE
31566106,A0,X6,c5,4787,26.52,True,NORMAL_PURCHASE
31566106,A0,X2,c5,28708,26.52,True,NORMAL_PURCHASE
31566106,A0,X6,c5,30268,26.52,True,NORMAL_PURCHASE
31566106,A0,X6,c5,42006,26.52,True,NORMAL_PURCHASE
31707788,a1,x4,c2,114715,3.5,False,SHADOW_PURCHASE2
31729451,l10,X2,c1,35906,3.43,True,NOTINVOLVED_PURCHASE
31761217,l12,X2,c1,101368,3.38,True,NOTINVOLVED_PURCHASE
31827327,l11,X6,c5,54441,11.24,True,NOTINVOLVED_PURCHASE
31956834,x4,X0,c2,114715,2.57,True,SHADOW_PURCHASE3
31996821,l5,X2,c4,99567,6.4,True,NOTINVOLVED_PURCHASE
32029018,l0,X2,c1,75103,3.27,True,NOTINVOLVED_PURCHASE
32080480,l2,X6,c3,103753,3.5,True,NOTINVOLVED_PURCHASE
32249215,A4,X2,c5,1900,8.62,True,NORMAL_PURCHASE
32249215,A4,a3,c5,35336,8.62,True,SHADOW_PURCHASE1
32249215,A4,X2,c5,11322,8.62,True,NORMAL_PURCHASE
32263154,l7,X3,c2,84812,5.74,True,NOTINVOLVED_PURCHASE
32280584,l8,X3,c3,62808,3.48,True,NOTINVOLVED_PURCHASE
32291572,l9,X3,c2,98614,3.99,True,NOTINVOLVED_PURCHASE
32374188,A7,a5,c1,37448,2.28,True,SHADOW_PURCHASE1
32468649,l1,X5,c6,97629,8.74,True,NOTINVOLVED_PURCHASE
32494915,a3,x0,c5,35336,3.8,False,SHADOW_PURCHASE2
32564002,l4,X1,c1,65240,3.01,True,NOTINVOLVED_PURCHASE
32576629,A2,R8,c2,7031,13.43,True,NORMAL_PURCHASE2
32576629,A2,X5,c2,102927,13.43,True,NORMAL_PURCHASE
32590638,A5,a2,c2,3521,12.56,True,SHADOW_PURCHASE1
32590638,A5,a3,c2,10253,12.56,True,SHADOW_PURCHASE1
32590638,A5,X5,c2,19283,12.56,True,NORMAL_PURCHASE
32590638,A5,a3,c2,11961,12.56,True,SHADOW_PURCHASE1
32608383,a5,x3,c1,37448,1.56,False,SHADOW_PURCHASE2
32620996,A1,a4,c5,106522,13.23,True,SHADOW_PURCHASE1
32664649,l3,X5,c4,40840,15.09,True,NOTINVOLVED_PURCHASE
32717429,A6,X0,c6,69806,4.59,True,NORMAL_PURCHASE
32717429,A6,X5,c6,12137,4.59,True,NORMAL_PURCHASE
32717429,A6,X0,c6,35907,4.59,True,NORMAL_PURCHASE
32736928,x0,X2,c5,35336,2.18,True,SHADOW_PURCHASE3
32829915,a3,x0,c2,10253,9.36,False,SHADOW_PURCHASE2
32844100,a3,x0,c2,11961,12.2,False,SHADOW_PURCHASE2
32853147,R8,X0,c2,7031,5.47,True,NORMAL_PURCHASE3
32854648,a4,x2,c5,106522,10.46,False,SHADOW_PURCHASE2
32858261,a2,x3,c2,3521,6.8,False,SHADOW_PURCHASE2
32865912,x3,X0,c1,37448,1.0,True,SHADOW_PURCHASE3
33071187,x0,X0,c2,10253,4.2,True,SHADOW_PURCHASE3
33119100,x0,X5,c2,11961,5.08,True,SHADOW_PURCHASE3
33127701,x3,X0,c2,3521,3.15,True,SHADOW_PURCHASE3
33135956,x2,X0,c5,106522,5.31,True,SHADOW_PURCHASE3
33314159,l14,X0,c1,93884,3.39,True,NOTINVOLVED_PURCHASE
33688508,l13,X0,c1,72055,2.55,True,NOTINVOLVED_PURCHASE
34166735,l10,X5,c4,90416,12.46,True,NOTINVOLVED_PURCHASE
34236091,l11,X4,c5,40330,25.89,True,NOTINVOLVED_PURCHASE
34292986,A3,a1,c1,44227,3.88,True,SHADOW_PURCHASE1
34406436,l6,X0,c2,100288,6.69,True,NOTINVOLVED_PURCHASE
34430040,A0,R6,c2,11506,6.51,True,NORMAL_PURCHASE2
34430040,A0,R6,c2,80,6.51,True,NORMAL_PURCHASE2
34430040,A0,a5,c2,90,6.51,True,SHADOW_PURCHASE1
34430040,A0,X5,c2,85502,6.51,True,NORMAL_PURCHASE
34535794,a1,x4,c1,44227,3.01,False,SHADOW_PURCHASE2
34567572,l12,X3,c3,91150,3.6,True,NOTINVOLVED_PURCHASE
34579328,l5,X4,c5,112237,12.53,True,NOTINVOLVED_PURCHASE
34675750,R6,X3,c2,80,6.07,True,NORMAL_PURCHASE3
34676182,R6,X3,c2,11506,6.29,True,NORMAL_PURCHASE3
34701507,a5,x5,c2,90,4.26,False,SHADOW_PURCHASE2
34740039,l0,X0,c5,66898,18.14,True,NOTINVOLVED_PURCHASE
34796499,x4,X3,c1,44227,2.7,True,SHADOW_PURCHASE3
34869529,l7,X0,c6,93398,5.45,True,NOTINVOLVED_PURCHASE
34937848,A7,X2,c2,5080,12.27,True,NORMAL_PURCHASE
34937848,A7,X5,c2,25724,12.27,True,NORMAL_PURCHASE
34959163,x5,X0,c2,90,3.81,True,SHADOW_PURCHASE3
34960125,l2,X1,c6,63302,8.77,True,NOTINVOLVED_PURCHASE
35014885,A2,X3,c1,9862,2.77,True,NORMAL_PURCHASE
35014885,A2,X2,c1,94216,2.77,True,NORMAL_PURCHASE
35015320,l8,X6,c5,81379,6.86,True,NOTINVOLVED_PURCHASE
35017665,l9,X3,c3,57590,5.81,True,NOTINVOLVED_PURCHASE
35080109,A4,a3,c6,111562,5.71,True,SHADOW_PURCHASE1
35101146,A5,a1,c3,87218,4.86,True,SHADOW_PURCHASE1
35126897,l4,X2,c4,49074,9.69,True,NOTINVOLVED_PURCHASE
35140264,l3,X4,c6,77441,4.55,True,NOTINVOLVED_PURCHASE
35254070,l1,X4,c5,116958,16.88,True,NOTINVOLVED_PURCHASE
35328200,a3,x5,c6,111562,3.52,False,SHADOW_PURCHASE2
35338360,a1,x0,c3,87218,2.19,False,SHADOW_PURCHASE2
35431401,A1,X2,c2,63636,8.62,True,NORMAL_PURCHASE
35431401,A1,a2,c2,7602,8.62,True,SHADOW_PURCHASE1
35434484,A6,a5,c1,85979,2.55,True,SHADOW_PURCHASE1
35589643,x0,X6,c3,87218,1.84,True,SHADOW_PURCHASE3
35597397,x5,X0,c6,111562,2.59,True,SHADOW_PURCHASE3
35677291,a2,x1,c2,7602,7.81,False,SHADOW_PURCHASE2
35678396,a5,x1,c1,85979,2.55,False,SHADOW_PURCHASE2
35940711,x1,X5,c2,7602,5.17,True,SHADOW_PURCHASE3
35947983,x1,X2,c1,85979,1.22,True,SHADOW_PURCHASE3
35987565,l14,X6,c5,44793,25.33,True,NOTINVOLVED_PURCHASE
36368947,l13,X4,c5,75049,14.51,True,NOTINVOLVED_PURCHASE
36746156,l10,X5,c6,79652,4.44,True,NOTINVOLVED_PURCHASE
36825608,l11,X0,c2,99804,3.93,True,NOTINVOLVED_PURCHASE
37002273,l6,X2,c5,43375,23.63,True,NOTINVOLVED_PURCHASE
37106476,A3,X0,c2,57632,8.21,True,NORMAL_PURCHASE
37106476,A3,a1,c2,5199,8.21,True,SHADOW_PURCHASE1
37106476,A3,a0,c2,7271,8.21,True,SHADOW_PURCHASE1
37106476,A3,X5,c2,38832,8.21,True,NORMAL_PURCHASE
37156102,l0,X3,c6,33324,8.85,True,NOTINVOLVED_PURCHASE
37184568,A0,a3,c5,90113,20.24,True,SHADOW_PURCHASE1
37335115,l12,X3,c6,82319,7.3,True,NOTINVOLVED_PURCHASE
37351368,a1,x3,c2,5199,6.18,False,SHADOW_PURCHASE2
37381615,a0,x4,c2,7271,3.22,False,SHADOW_PURCHASE2
37418084,l5,X0,c2,100307,11.74,True,NOTINVOLVED_PURCHASE
37443319,a3,x5,c5,90113,16.27,False,SHADOW_PURCHASE2
37612188,A4,X2,c1,20990,2.89,True,NORMAL_PURCHASE
37612188,A4,R7,c1,4318,2.89,True,NORMAL_PURCHASE2
37612188,A4,a1,c1,4148,2.89,True,SHADOW_PURCHASE1
37612188,A4,X0,c1,14385,2.89,True,NORMAL_PURCHASE
37623101,l9,X3,c2,61072,5.64,True,NOTINVOLVED_PURCHASE
37623236,A2,a0,c1,76963,2.93,True,SHADOW_PURCHASE1
37631507,x3,X5,c2,5199,4.21,True,SHADOW_PURCHASE3
37657215,A7,a2,c1,117763,3.84,True,SHADOW_PURCHASE1
37659585,x4,X5,c2,7271,2.9,True,SHADOW_PURCHASE3
37680120,A5,a4,c5,4947,24.17,True,SHADOW_PURCHASE1
37680120,A5,R6,c5,7625,24.17,True,NORMAL_PURCHASE2
37680120,A5,a2,c5,55309,24.17,True,SHADOW_PURCHASE1
37680120,A5,X0,c5,5719,24.17,True,NORMAL_PURCHASE
37711808,l8,X0,c1,68977,2.74,True,NOTINVOLVED_PURCHASE
37715339,l7,X2,c4,93267,10.74,True,NOTINVOLVED_PURCHASE
37718731,x5,X0,c5,90113,15.28,True,SHADOW_PURCHASE3
37801517,l2,X4,c6,89591,4.34,True,NOTINVOLVED_PURCHASE
37823203,l3,X1,c1,115370,2.64,True,NOTINVOLVED_PURCHASE
37869539,a0,x0,c1,76963,2.41,False,SHADOW_PURCHASE2
37887917,a1,x2,c1,4148,2.66,False,SHADOW_PURCHASE2
37891589,R7,X3,c1,4318,2.03,True,NORMAL_PURCHASE3
37895781,a2,x3,c1,117763,2.3,False,SHADOW_PURCHASE2
37896939,l4,X3,c2,36330,6.32,True,NOTINVOLVED_PURCHASE
37933931,a4,x2,c5,4947,12.36,False,SHADOW_PURCHASE2
37938487,R6,X0,c5,7625,13.98,True,NORMAL_PURCHASE3
37942664,A6,R7,c4,12048,7.0,True,NORMAL_PURCHASE2
37942664,A6,X2,c4,73598,7.0,True,NORMAL_PURCHASE
37943230,a2,x2,c5,55309,23.57,False,SHADOW_PURCHASE2
37989788,l1,X4,c6,66554,7.98,True,NOTINVOLVED_PURCHASE
38123966,x0,X0,c1,76963,1.71,True,SHADOW_PURCHASE3
38138358,x2,X0,c1,4148,1.11,True,SHADOW_PURCHASE3
38155662,x3,X1,c1,117763,1.39,True,SHADOW_PURCHASE3
38172266,x2,X0,c5,4947,5.06,True,SHADOW_PURCHASE3
38205475,R7,X5,c4,12048,4.55,True,NORMAL_PURCHASE3
38218519,x2,X0,c5,55309,16.04,True,SHADOW_PURCHASE3
38297714,A1,a1,c2,4735,13.08,True,SHADOW_PURCHASE1
38297714,A1,X2,c2,50982,13.08,True,NORMAL_PURCHASE
38297714,A1,X0,c2,9364,13.08,True,NORMAL_PURCHASE
38297714,A1,a5,c2,3688,13.08,True,SHADOW_PURCHASE1
38553324,a1,x2,c2,4735,12.13,False,SHADOW_PURCHASE2
38567584,a5,x3,c2,3688,9.18,False,SHADOW_PURCHASE2
38830288,x3,X0,c2,3688,5.02,True,SHADOW_PURCHASE3
38838413,x2,X0,c2,4735,7.66,True,SHADOW_PURCHASE3
38845008,l14,X0,c1,63819,2.68,True,NOTINVOLVED_PURCHASE
38911687,l13,X6,c5,55830,17.67,True,NOTINVOLVED_PURCHASE
39451800,l11,X4,c6,49793,9.31,True,NOTINVOLVED_PURCHASE
39509650,l10,X3,c2,110052,7.49,True,NOTINVOLVED_PURCHASE
39678597,l0,X3,c6,110914,8.5,True,NOTINVOLVED_PURCHASE
39812947,A3,a2,c4,70892,12.79,True,SHADOW_PURCHASE1
39882818,l6,X2,c1,60401,3.58,True,NOTINVOLVED_PURCHASE
39886172,l12,X3,c6,69718,4.5,True,NOTINVOLVED_PURCHASE
39987771,l5,X1,c1,117726,3.92,True,NOTINVOLVED_PURCHASE
40050161,A0,a5,c4,113059,14.15,True,SHADOW_PURCHASE1
40054781,A4,a4,c2,67520,11.22,True,SHADOW_PURCHASE1
40054781,A4,X2,c2,26560,11.22,True,NORMAL_PURCHASE
40062474,a2,x0,c4,70892,11.97,False,SHADOW_PURCHASE2
40080964,A7,a1,c1,88942,3.33,True,SHADOW_PURCHASE1
40123105,A5,a3,c6,90888,10.35,True,SHADOW_PURCHASE1
40299824,a4,x2,c2,67520,5.25,False,SHADOW_PURCHASE2
40323707,l9,X4,c5,50009,16.1,True,NOTINVOLVED_PURCHASE
40330111,a5,x3,c4,113059,5.75,False,SHADOW_PURCHASE2
40332710,x0,X5,c4,70892,7.68,True,SHADOW_PURCHASE3
40337260,l7,X2,c5,78991,11.0,True,NOTINVOLVED_PURCHASE
40357781,a1,x0,c1,88942,2.51,False,SHADOW_PURCHASE2
40364083,a3,x1,c6,90888,7.73,False,SHADOW_PURCHASE2
40371560,A6,a5,c5,26426,9.74,True,SHADOW_PURCHASE1
40371560,A6,X0,c5,14008,9.74,True,NORMAL_PURCHASE
40371560,A6,a5,c5,17823,9.74,True,SHADOW_PURCHASE1
40395246,A2,a3,c2,87473,5.4,True,SHADOW_PURCHASE1
40536428,l8,X0,c6,116740,7.96,True,NOTINVOLVED_PURCHASE
40560000,l2,X4,c5,80987,18.27,True,NOTINVOLVED_PURCHASE
40560407,x2,X5,c2,67520,4.77,True,SHADOW_PURCHASE3
40576201,l3,X1,c6,117145,7.88,True,NOTINVOLVED_PURCHASE
40594357,x3,X5,c4,113059,3.74,True,SHADOW_PURCHASE3
40603749,x0,X2,c1,88942,1.51,True,SHADOW_PURCHASE3
40607221,a5,x5,c5,26426,6.03,False,SHADOW_PURCHASE2
40620508,x1,X5,c6,90888,4.34,True,SHADOW_PURCHASE3
40632966,l1,X3,c3,34665,3.29,True,NOTINVOLVED_PURCHASE
40635292,a3,x4,c2,87473,5.23,False,SHADOW_PURCHASE2
40640904,a5,x5,c5,17823,8.95,False,SHADOW_PURCHASE2
40789223,l4,X4,c5,61554,26.53,True,NOTINVOLVED_PURCHASE
40839005,A1,a1,c6,31526,4.56,True,SHADOW_PURCHASE1
40839005,A1,a2,c6,1644,4.56,True,SHADOW_PURCHASE1
40839005,A1,X0,c6,44221,4.56,True,NORMAL_PURCHASE
40851807,x5,X6,c5,26426,5.55,True,SHADOW_PURCHASE3
40905714,x4,X3,c2,87473,4.17,True,SHADOW_PURCHASE3
40921982,x5,X0,c5,17823,6.56,True,SHADOW_PURCHASE3
41099898,a2,x0,c6,1644,3.19,False,SHADOW_PURCHASE2
41111296,a1,x3,c6,31526,3.26,False,SHADOW_PURCHASE2
41348529,x3,X0,c6,31526,2.82,True,SHADOW_PURCHASE3
41368374,l14,X4,c5,86746,13.72,True,NOTINVOLVED_PURCHASE
41378392,x0,X5,c6,1644,2.78,True,SHADOW_PURCHASE3
41455915,l13,X4,c6,77942,4.0,True,NOTINVOLVED_PURCHASE
41853900,l11,X3,c1,31471,2.94,True,NOTINVOLVED_PURCHASE
41945121,l10,X2,c4,49134,12.87,True,NOTINVOLVED_PURCHASE
42249235,l0,X2,c4,40517,13.56,True,NOTINVOLVED_PURCHASE
42424567,l12,X4,c5,108811,10.3,True,NOTINVOLVED_PURCHASE
42595742,A7,a5,c4,102347,5.86,True,SHADOW_PURCHASE1
42634390,A5,X3,c2,77886,4.79,True,NORMAL_PURCHASE
42634390,A5,a3,c2,30933,4.79,True,SHADOW_PURCHASE1
42634390,A5,a4,c2,4613,4.79,True,SHADOW_PURCHASE1
42704636,A3,a0,c1,117842,3.88,True,SHADOW_PURCHASE1
42735424,l6,X0,c6,77049,7.03,True,NOTINVOLVED_PURCHASE
42736380,A4,a1,c6,66262,9.43,True,SHADOW_PURCHASE1
42737004,A0,a5,c5,75862,8.4,True,SHADOW_PURCHASE1
42768957,l7,X0,c2,107757,9.16,True,NOTINVOLVED_PURCHASE
42803374,l5,X0,c5,107354,11.61,True,NOTINVOLVED_PURCHASE
42855881,a5,x3,c4,102347,3.63,False,SHADOW_PURCHASE2
42879239,a4,x2,c2,4613,3.88,False,SHADOW_PURCHASE2
42888177,a3,x4,c2,30933,2.7,False,SHADOW_PURCHASE2
42907393,A6,a5,c1,96435,3.59,True,SHADOW_PURCHASE1
42951767,l8,X3,c2,51748,12.26,True,NOTINVOLVED_PURCHASE
42976305,a0,x1,c1,117842,3.8,False,SHADOW_PURCHASE2
42990912,a5,x2,c5,75862,6.54,False,SHADOW_PURCHASE2
43001286,a1,x0,c6,66262,5.12,False,SHADOW_PURCHASE2
43007236,A2,a4,c1,88500,3.26,True,SHADOW_PURCHASE1
43060192,l2,X5,c4,103253,15.37,True,NOTINVOLVED_PURCHASE
43084689,l3,X4,c5,98328,25.11,True,NOTINVOLVED_PURCHASE
43111450,x3,X5,c4,102347,2.85,True,SHADOW_PURCHASE3
43114266,l1,X4,c5,59284,27.9,True,NOTINVOLVED_PURCHASE
43121466,l9,X3,c3,44222,4.37,True,NOTINVOLVED_PURCHASE
43127630,x2,X3,c2,4613,2.06,True,SHADOW_PURCHASE3
43129480,x4,X5,c2,30933,1.66,True,SHADOW_PURCHASE3
43171884,a5,x3,c1,96435,1.66,False,SHADOW_PURCHASE2
43224662,x2,X6,c5,75862,5.93,True,SHADOW_PURCHASE3
43246120,x0,X0,c6,66262,3.31,True,SHADOW_PURCHASE3
43253124,x1,X0,c1,117842,2.05,True,SHADOW_PURCHASE3
43282200,a4,x4,c1,88500,1.79,False,SHADOW_PURCHASE2
43318634,A1,a4,c4,69616,12.91,True,SHADOW_PURCHASE1
43433285,x3,X1,c1,96435,1.0,True,SHADOW_PURCHASE3
43551587,x4,X3,c1,88500,1.0,True,SHADOW_PURCHASE3
43588749,a4,x3,c4,69616,11.45,False,SHADOW_PURCHASE2
43680474,l4,X1,c1,41571,2.92,True,NOTINVOLVED_PURCHASE
43861337,x3,X5,c4,69616,6.92,True,SHADOW_PURCHASE3
43920515,l14,X6,c5,116092,21.87,True,NOTINVOLVED_PURCHASE
44043683,l13,X0,c5,61898,9.3,True,NOTINVOLVED_PURCHASE
44617588,l11,X0,c5,34511,16.73,True,NOTINVOLVED_PURCHASE
44698550,l0,X2,c2,78817,11.14,True,NOTINVOLVED_PURCHASE
44782735,l10,X3,c6,65514,5.28,True,NOTINVOLVED_PURCHASE
44963871,l12,X4,c6,39220,8.33,True,NOTINVOLVED_PURCHASE
45065192,A5,a4,c2,68016,8.29,True,SHADOW_PURCHASE1
45178269,l6,X2,c4,47210,7.11,True,NOTINVOLVED_PURCHASE
45197625,A0,a4,c6,112471,2.86,True,SHADOW_PURCHASE1
45229444,A4,a4,c4,105178,13.98,True,SHADOW_PURCHASE1
45283939,l7,X0,c6,85381,6.33,True,NOTINVOLVED_PURCHASE
45320399,a4,x3,c2,68016,6.26,False,SHADOW_PURCHASE2
45376756,l5,X2,c4,98354,8.13,True,NOTINVOLVED_PURCHASE
45430924,a4,x1,c6,112471,2.31,False,SHADOW_PURCHASE2
45450848,A7,a1,c2,565,13.11,True,SHADOW_PURCHASE1
45450848,A7,X5,c2,1724,13.11,True,NORMAL_PURCHASE
45450848,A7,a2,c2,206,13.11,True,SHADOW_PURCHASE1
45450848,A7,R9,c2,34662,13.11,True,NORMAL_PURCHASE2
45482139,A3,a2,c6,17531,10.04,True,SHADOW_PURCHASE1
45482139,A3,a1,c6,14550,10.04,True,SHADOW_PURCHASE1
45482139,A3,X3,c6,19815,10.04,True,NORMAL_PURCHASE
45482139,A3,a0,c6,24419,10.04,True,SHADOW_PURCHASE1
45491744,a4,x3,c4,105178,11.7,False,SHADOW_PURCHASE2
45494783,l8,X0,c5,41601,11.98,True,NOTINVOLVED_PURCHASE
45556274,x3,X0,c2,68016,4.74,True,SHADOW_PURCHASE3
45608174,l3,X2,c1,94683,3.33,True,NOTINVOLVED_PURCHASE
45692197,x1,X0,c6,112471,1.37,True,SHADOW_PURCHASE3
45696249,a1,x3,c2,565,6.72,False,SHADOW_PURCHASE2
45702753,R9,X2,c2,34662,12.64,True,NORMAL_PURCHASE3
45715429,A6,a5,c3,95341,5.47,True,SHADOW_PURCHASE1
45717170,A2,a0,c2,117306,13.31,True,SHADOW_PURCHASE1
45717798,a2,x2,c2,206,6.44,False,SHADOW_PURCHASE2
45718601,a2,x0,c6,17531,8.96,False,SHADOW_PURCHASE2
45724364,a0,x3,c6,24419,7.36,False,SHADOW_PURCHASE2
45728960,x3,X5,c4,105178,9.74,True,SHADOW_PURCHASE3
45743476,a1,x3,c6,14550,9.86,False,SHADOW_PURCHASE2
45744221,l9,X1,c1,103767,2.03,True,NOTINVOLVED_PURCHASE
45855132,l2,X5,c2,98039,5.1,True,NOTINVOLVED_PURCHASE
45891698,A1,a2,c4,108474,14.02,True,SHADOW_PURCHASE1
45938570,x3,X5,c2,565,3.14,True,SHADOW_PURCHASE3
45953072,x2,X5,c2,206,4.32,True,SHADOW_PURCHASE3
45966890,a0,x4,c2,117306,10.27,False,SHADOW_PURCHASE2
45985112,a5,x5,c3,95341,3.99,False,SHADOW_PURCHASE2
45987372,l1,X4,c6,30910,7.71,True,NOTINVOLVED_PURCHASE
45992022,x0,X5,c6,17531,3.0,True,SHADOW_PURCHASE3
45993485,x3,X5,c6,24419,4.9,True,SHADOW_PURCHASE3
46012144,x3,X1,c6,14550,6.01,True,SHADOW_PURCHASE3
46144879,a2,x0,c4,108474,9.28,False,SHADOW_PURCHASE2
46206059,x4,X5,c2,117306,4.28,True,SHADOW_PURCHASE3
46243145,x5,X6,c3,95341,2.43,True,SHADOW_PURCHASE3
46337815,l4,X4,c5,65391,10.72,True,NOTINVOLVED_PURCHASE
46402329,x0,X2,c4,108474,7.9,True,SHADOW_PURCHASE3
46554398,l14,X1,c6,99784,7.33,True,NOTINVOLVED_PURCHASE
46874264,l13,X0,c2,46799,9.6,True,NOTINVOLVED_PURCHASE
47179820,l0,X2,c2,117389,13.05,True,NOTINVOLVED_PURCHASE
47264283,l10,X6,c3,58270,3.66,True,NOTINVOLVED_PURCHASE
47419294,l11,X0,c2,76006,4.04,True,NOTINVOLVED_PURCHASE
47487620,A5,a1,c3,66574,4.92,True,SHADOW_PURCHASE1
47534752,l12,X5,c6,78917,5.3,True,NOTINVOLVED_PURCHASE
47615252,l6,X3,c2,43071,8.05,True,NOTINVOLVED_PURCHASE
47681589,l7,X3,c2,78637,3.92,True,NOTINVOLVED_PURCHASE
47751333,a1,x4,c3,66574,3.03,False,SHADOW_PURCHASE2
47754056,A0,a1,c6,73749,5.76,True,SHADOW_PURCHASE1
47962590,A3,a1,c5,94346,20.28,True,SHADOW_PURCHASE1
48013304,l3,X4,c5,107634,16.34,True,NOTINVOLVED_PURCHASE
48018229,A4,R6,c5,62284,15.1,True,NORMAL_PURCHASE2
48018229,A4,X4,c5,15331,15.1,True,NORMAL_PURCHASE
48031147,x4,X3,c3,66574,2.34,True,SHADOW_PURCHASE3
48036219,a1,x4,c6,73749,3.13,False,SHADOW_PURCHASE2
48115529,l5,X1,c6,104744,6.06,True,NOTINVOLVED_PURCHASE
48203030,A2,a0,c5,54374,14.15,True,SHADOW_PURCHASE1
48230037,a1,x3,c5,94346,10.54,False,SHADOW_PURCHASE2
48231080,A7,X2,c4,76957,11.57,True,NORMAL_PURCHASE
48231080,A7,a2,c4,4087,11.57,True,SHADOW_PURCHASE1
48280388,x4,X3,c6,73749,2.59,True,SHADOW_PURCHASE3
48281951,R6,X0,c5,62284,8.57,True,NORMAL_PURCHASE3
48320036,A1,a2,c4,44774,7.06,True,SHADOW_PURCHASE1
48346385,l8,X0,c1,93048,3.73,True,NOTINVOLVED_PURCHASE
48412991,l1,X5,c2,32075,12.37,True,NOTINVOLVED_PURCHASE
48462009,a0,x0,c5,54374,12.19,False,SHADOW_PURCHASE2
48463046,l2,X5,c4,68959,16.36,True,NOTINVOLVED_PURCHASE
48475263,x3,X0,c5,94346,4.62,True,SHADOW_PURCHASE3
48508998,a2,x2,c4,4087,10.7,False,SHADOW_PURCHASE2
48520909,A6,a4,c6,81332,8.26,True,SHADOW_PURCHASE1
48565562,a2,x1,c4,44774,4.85,False,SHADOW_PURCHASE2
48609745,l9,X2,c1,44130,2.87,True,NOTINVOLVED_PURCHASE
48744862,x0,X0,c5,54374,7.95,True,SHADOW_PURCHASE3
48774398,x2,X5,c4,4087,4.58,True,SHADOW_PURCHASE3
48790889,a4,x2,c6,81332,3.28,False,SHADOW_PURCHASE2
48848016,x1,X2,c4,44774,2.54,True,SHADOW_PURCHASE3
49043921,x2,X5,c6,81332,2.2,True,SHADOW_PURCHASE3
49068700,l4,X4,c5,117188,11.65,True,NOTINVOLVED_PURCHASE
49181391,l14,X1,c1,57632,2.18,True,NOTINVOLVED_PURCHASE
49397594,l13,X5,c4,60551,11.6,True,NOTINVOLVED_PURCHASE
49550150,l0,X3,c3,86183,3.28,True,NOTINVOLVED_PURCHASE
49760161,l10,X2,c5,107552,26.01,True,NOTINVOLVED_PURCHASE
49961859,l12,X3,c6,110128,5.41,True,NOTINVOLVED_PURCHASE
50060427,l6,X3,c1,118650,3.38,True,NOTINVOLVED_PURCHASE
50144751,A0,X6,c3,42737,6.0,True,NORMAL_PURCHASE
50144751,A0,R6,c3,35927,6.0,True,NORMAL_PURCHASE2
50233171,l7,X1,c6,77486,6.44,True,NOTINVOLVED_PURCHASE
50254090,A5,X0,c5,131,12.13,True,NORMAL_PURCHASE
50254090,A5,a4,c5,28523,12.13,True,SHADOW_PURCHASE1
50254090,A5,a4,c5,9695,12.13,True,SHADOW_PURCHASE1
50296316,l11,X4,c6,90198,3.7,True,NOTINVOLVED_PURCHASE
50398646,R6,X3,c3,35927,4.47,True,NORMAL_PURCHASE3
50483854,A3,a2,c1,30811,1.99,True,SHADOW_PURCHASE1
50492876,a4,x2,c5,28523,11.46,False,SHADOW_PURCHASE2
50520294,a4,x4,c5,9695,6.01,False,SHADOW_PURCHASE2
50634240,A2,a3,c5,50660,14.91,True,SHADOW_PURCHASE1
50656005,l5,X4,c6,84873,5.13,True,NOTINVOLVED_PURCHASE
50756041,a2,x2,c1,30811,1.26,False,SHADOW_PURCHASE2
50770914,A4,a1,c2,63687,4.21,True,SHADOW_PURCHASE1
50772877,x2,X0,c5,28523,10.04,True,SHADOW_PURCHASE3
50800341,l3,X2,c5,75266,8.37,True,NOTINVOLVED_PURCHASE
50804585,x4,X0,c5,9695,4.92,True,SHADOW_PURCHASE3
50840708,l1,X5,c4,105237,16.33,True,NOTINVOLVED_PURCHASE
50884090,l8,X1,c1,119691,2.6,True,NOTINVOLVED_PURCHASE
50916103,a3,x1,c5,50660,7.1,False,SHADOW_PURCHASE2
50943336,A1,a5,c2,105147,4.83,True,SHADOW_PURCHASE1
50996905,A6,a4,c5,8005,7.65,True,SHADOW_PURCHASE1
50996905,A6,a4,c5,3410,7.65,True,SHADOW_PURCHASE1
50996905,A6,a1,c5,17535,7.65,True,SHADOW_PURCHASE1
50996905,A6,X0,c5,32963,7.65,True,NORMAL_PURCHASE
51037101,x2,X0,c1,30811,1.0,True,SHADOW_PURCHASE3
51049937,a1,x3,c2,63687,4.12,False,SHADOW_PURCHASE2
51074550,A7,a1,c4,49492,8.44,True,SHADOW_PURCHASE1
51161999,x1,X6,c5,50660,3.54,True,SHADOW_PURCHASE3
51208934,l2,X6,c5,55232,14.16,True,NOTINVOLVED_PURCHASE
51212063,a5,x1,c2,105147,3.49,False,SHADOW_PURCHASE2
51255407,a1,x2,c5,17535,3.78,False,SHADOW_PURCHASE2
51269233,a4,x4,c5,3410,4.36,False,SHADOW_PURCHASE2
51271696,a4,x2,c5,8005,6.68,False,SHADOW_PURCHASE2
51291994,x3,X5,c2,63687,2.14,True,SHADOW_PURCHASE3
51338945,a1,x4,c4,49492,6.69,False,SHADOW_PURCHASE2
51374454,l9,X3,c1,118328,2.36,True,NOTINVOLVED_PURCHASE
51496801,x1,X2,c2,105147,2.97,True,SHADOW_PURCHASE3
51502086,x2,X0,c5,17535,2.94,True,SHADOW_PURCHASE3
51530690,x2,X0,c5,8005,5.99,True,SHADOW_PURCHASE3
51535791,x4,X0,c5,3410,2.04,True,SHADOW_PURCHASE3
51610366,x4,X5,c4,49492,5.8,True,SHADOW_PURCHASE3
51674486,l4,X3,c6,76208,7.72,True,NOTINVOLVED_PURCHASE
51788797,l14,X0,c6,56540,10.58,True,NOTINVOLVED_PURCHASE
52183962,l13,X0,c2,85541,4.94,True,NOTINVOLVED_PURCHASE
52355506,l0,X3,c1,53342,2.78,True,NOTINVOLVED_PURCHASE
52519638,A0,a1,c4,119384,12.59,True,SHADOW_PURCHASE1
52623978,l10,X3,c3,47899,4.14,True,NOTINVOLVED_PURCHASE
52771664,l12,X2,c1,73482,3.64,True,NOTINVOLVED_PURCHASE
52774209,a1,x3,c4,119384,6.59,False,SHADOW_PURCHASE2
52807983,l7,X2,c5,34281,27.23,True,NOTINVOLVED_PURCHASE
52856527,l6,X0,c2,77402,8.18,True,NOTINVOLVED_PURCHASE
52960725,A5,a2,c2,104760,11.26,True,SHADOW_PURCHASE1
52997783,A3,a5,c1,56293,2.64,True,SHADOW_PURCHASE1
53013878,x3,X5,c4,119384,5.34,True,SHADOW_PURCHASE3
53061506,l11,X3,c6,40454,2.98,True,NOTINVOLVED_PURCHASE
53099908,l5,X2,c1,67687,3.78,True,NOTINVOLVED_PURCHASE
53217956,a2,x1,c2,104760,7.77,False,SHADOW_PURCHASE2
53251102,a5,x1,c1,56293,2.51,False,SHADOW_PURCHASE2
53331716,A2,a3,c2,97320,12.46,True,SHADOW_PURCHASE1
53361282,l1,X5,c4,78610,12.64,True,NOTINVOLVED_PURCHASE
53366283,A1,X0,c6,13475,4.84,True,NORMAL_PURCHASE
53366283,A1,R7,c6,88733,4.84,True,NORMAL_PURCHASE2
53497087,x1,X2,c2,104760,4.71,True,SHADOW_PURCHASE3
53512498,x1,X0,c1,56293,1.82,True,SHADOW_PURCHASE3
53520345,A6,a1,c3,62993,2.69,True,SHADOW_PURCHASE1
53526036,l8,X6,c3,112561,2.14,True,NOTINVOLVED_PURCHASE
53578681,A4,a5,c5,102552,14.59,True,SHADOW_PURCHASE1
53614454,R7,X5,c6,88733,2.86,True,NORMAL_PURCHASE3
53614796,a3,x1,c2,97320,10.48,False,SHADOW_PURCHASE2
53635682,l3,X4,c6,82410,4.9,True,NOTINVOLVED_PURCHASE
53783065,A7,a5,c1,93639,3.16,True,SHADOW_PURCHASE1
53798576,a1,x4,c3,62993,2.5,False,SHADOW_PURCHASE2
53860012,a5,x5,c5,102552,7.08,False,SHADOW_PURCHASE2
53891471,x1,X2,c2,97320,5.98,True,SHADOW_PURCHASE3
53958369,l2,X5,c6,82602,5.56,True,NOTINVOLVED_PURCHASE
54040065,x4,X3,c3,62993,1.92,True,SHADOW_PURCHASE3
54045692,l9,X3,c1,58906,2.27,True,NOTINVOLVED_PURCHASE
54061058,a5,x1,c1,93639,1.77,False,SHADOW_PURCHASE2
54093408,l4,X3,c6,36982,9.49,True,NOTINVOLVED_PURCHASE
54133641,x5,X6,c5,102552,3.61,True,SHADOW_PURCHASE3
54272167,l14,X0,c2,105142,13.18,True,NOTINVOLVED_PURCHASE
54311745,x1,X2,c1,93639,1.0,True,SHADOW_PURCHASE3
54672084,l13,X0,c1,68440,2.97,True,NOTINVOLVED_PURCHASE
55072411,l0,X2,c4,54253,16.17,True,NOTINVOLVED_PURCHASE
55346420,A0,a1,c6,30452,8.95,True,SHADOW_PURCHASE1
55406794,l10,X5,c4,105350,7.06,True,NOTINVOLVED_PURCHASE
55514453,l5,X2,c1,113952,3.47,True,NOTINVOLVED_PURCHASE
55613010,l12,X4,c6,85940,3.88,True,NOTINVOLVED_PURCHASE
55618862,a1,x4,c6,30452,7.85,False,SHADOW_PURCHASE2
55677430,l7,X1,c1,102293,2.15,True,NOTINVOLVED_PURCHASE
55682351,l6,X6,c3,36554,4.26,True,NOTINVOLVED_PURCHASE
55715627,A5,a4,c3,45653,3.75,True,SHADOW_PURCHASE1
55721189,A3,a2,c5,101197,26.45,True,SHADOW_PURCHASE1
55821827,l11,X6,c3,110718,4.59,True,NOTINVOLVED_PURCHASE
55882624,x4,X3,c6,30452,3.16,True,SHADOW_PURCHASE3
55919733,A2,a2,c3,77313,2.6,True,SHADOW_PURCHASE1
55955242,a4,x4,c3,45653,3.34,False,SHADOW_PURCHASE2
55956015,l1,X4,c5,38800,21.37,True,NOTINVOLVED_PURCHASE
55963716,a2,x1,c5,101197,21.04,False,SHADOW_PURCHASE2
55973599,A4,a4,c5,102327,7.15,True,SHADOW_PURCHASE1
56181679,a2,x2,c3,77313,2.5,False,SHADOW_PURCHASE2
56196631,A1,a5,c6,5609,8.88,True,SHADOW_PURCHASE1
56196631,A1,a5,c6,19689,8.88,True,SHADOW_PURCHASE1
56196631,A1,X0,c6,62533,8.88,True,NORMAL_PURCHASE
56196631,A1,X0,c6,5596,8.88,True,NORMAL_PURCHASE
56221748,a4,x3,c5,102327,3.86,False,SHADOW_PURCHASE2
56232457,x4,X3,c3,45653,2.27,True,SHADOW_PURCHASE3
56242556,x1,X6,c5,101197,20.54,True,SHADOW_PURCHASE3
56253070,A6,a0,c6,60571,3.56,True,SHADOW_PURCHASE1
56257052,l8,X3,c6,89009,9.46,True,NOTINVOLVED_PURCHASE
56371907,l3,X4,c6,38333,10.55,True,NOTINVOLVED_PURCHASE
56391910,A7,a2,c6,51166,4.34,True,SHADOW_PURCHASE1
56433510,x2,X3,c3,77313,1.18,True,SHADOW_PURCHASE3
56456882,a5,x2,c6,5609,4.67,False,SHADOW_PURCHASE2
56464733,x3,X0,c5,102327,2.81,True,SHADOW_PURCHASE3
56470892,a5,x5,c6,19689,5.58,False,SHADOW_PURCHASE2
56527937,a0,x4,c6,60571,1.8,False,SHADOW_PURCHASE2
56546006,l9,X2,c2,51716,11.2,True,NOTINVOLVED_PURCHASE
56657501,a2,x1,c6,51166,3.17,False,SHADOW_PURCHASE2
56692503,x2,X5,c6,5609,2.62,True,SHADOW_PURCHASE3
56718532,x5,X1,c6,19689,3.71,True,SHADOW_PURCHASE3
56760985,l2,X5,c6,92394,5.19,True,NOTINVOLVED_PURCHASE
56807213,x4,X0,c6,60571,1.0,True,SHADOW_PURCHASE3
56824757,l4,X2,c1,79789,2.54,True,NOTINVOLVED_PURCHASE
56909583,x1,X5,c6,51166,2.3,True,SHADOW_PURCHASE3
56947326,l14,X0,c1,52750,2.24,True,NOTINVOLVED_PURCHASE
57356742,l13,X6,c3,95087,5.58,True,NOTINVOLVED_PURCHASE
57564203,l0,X2,c2,85300,10.44,True,NOTINVOLVED_PURCHASE
58009388,l10,X3,c3,30930,3.44,True,NOTINVOLVED_PURCHASE
58054561,l5,X1,c6,71078,10.39,True,NOTINVOLVED_PURCHASE
58058573,l7,X0,c5,55371,18.47,True,NOTINVOLVED_PURCHASE
58075943,A0,a1,c3,106770,2.71,True,SHADOW_PURCHASE1
58247401,A3,a1,c2,80255,9.98,True,SHADOW_PURCHASE1
58255583,A5,a4,c4,50467,5.44,True,SHADOW_PURCHASE1
58336869,a1,x2,c3,106770,2.53,False,SHADOW_PURCHASE2
58358694,l6,X2,c5,76800,10.93,True,NOTINVOLVED_PURCHASE
58472521,A2,a3,c1,119728,2.25,True,SHADOW_PURCHASE1
58501166,l12,X5,c4,77572,15.56,True,NOTINVOLVED_PURCHASE
58518070,a4,x3,c4,50467,3.67,False,SHADOW_PURCHASE2
58526925,a1,x0,c2,80255,8.58,False,SHADOW_PURCHASE2
58528662,l11,X4,c6,113264,7.38,True,NOTINVOLVED_PURCHASE
58611723,x2,X3,c3,106770,1.16,True,SHADOW_PURCHASE3
58681791,l8,X0,c2,36361,5.16,True,NOTINVOLVED_PURCHASE
58690448,l1,X3,c2,118183,7.8,True,NOTINVOLVED_PURCHASE
58723023,a3,x1,c1,119728,1.89,False,SHADOW_PURCHASE2
58776680,x3,X5,c4,50467,2.32,True,SHADOW_PURCHASE3
58780599,x0,X5,c2,80255,7.62,True,SHADOW_PURCHASE3
58809360,A6,a4,c3,55040,2.17,True,SHADOW_PURCHASE1
58819415,l3,X4,c5,111014,24.78,True,NOTINVOLVED_PURCHASE
58836906,A4,a1,c1,96133,2.14,True,SHADOW_PURCHASE1
58838812,A1,a2,c4,55084,6.65,True,SHADOW_PURCHASE1
58927487,A7,a5,c4,52735,6.28,True,SHADOW_PURCHASE1
58927487,A7,X2,c4,14126,6.28,True,NORMAL_PURCHASE
58927487,A7,a3,c4,1391,6.28,True,SHADOW_PURCHASE1
58927487,A7,R7,c4,5722,6.28,True,NORMAL_PURCHASE2
58978521,x1,X2,c1,119728,1.0,True,SHADOW_PURCHASE3
59046420,a4,x1,c3,55040,1.88,False,SHADOW_PURCHASE2
59070305,a1,x4,c1,96133,1.69,False,SHADOW_PURCHASE2
59086142,a2,x0,c4,55084,6.17,False,SHADOW_PURCHASE2
59173751,a3,x0,c4,1391,4.95,False,SHADOW_PURCHASE2
59185547,R7,X5,c4,5722,6.08,True,NORMAL_PURCHASE3
59208528,a5,x5,c4,52735,3.28,False,SHADOW_PURCHASE2
59286684,l4,X1,c6,63743,3.98,True,NOTINVOLVED_PURCHASE
59321345,x1,X6,c3,55040,1.0,True,SHADOW_PURCHASE3
59324788,x0,X5,c4,55084,4.3,True,SHADOW_PURCHASE3
59346874,x4,X3,c1,96133,1.0,True,SHADOW_PURCHASE3
59414745,l9,X4,c6,93302,6.0,True,NOTINVOLVED_PURCHASE
59444528,x0,X2,c4,1391,3.47,True,SHADOW_PURCHASE3
59465960,x5,X5,c4,52735,2.75,True,SHADOW_PURCHASE3
59485812,l2,X4,c6,112117,8.11,True,NOTINVOLVED_PURCHASE
59534545,l14,X4,c6,77491,6.99,True,NOTINVOLVED_PURCHASE
59892535,l13,X4,c6,85748,5.31,True,NOTINVOLVED_PURCHASE
60206819,l0,X6,c5,86326,8.15,True,NOTINVOLVED_PURCHASE
60606018,A0,a5,c6,79444,5.15,True,SHADOW_PURCHASE1
60691588,l7,X2,c1,100468,2.52,True,NOTINVOLVED_PURCHASE
60813537,A5,a4,c5,68757,23.44,True,SHADOW_PURCHASE1
60825531,l10,X6,c5,112857,23.14,True,NOTINVOLVED_PURCHASE
60857984,l5,X4,c5,58049,21.28,True,NOTINVOLVED_PURCHASE
60869675,a5,x1,c6,79444,2.66,False,SHADOW_PURCHASE2
60948693,l12,X5,c6,113127,2.81,True,NOTINVOLVED_PURCHASE
60960730,l11,X3,c3,54061,4.07,True,NOTINVOLVED_PURCHASE
60966111,A3,a0,c3,41868,5.46,True,SHADOW_PURCHASE1
61094799,a4,x2,c5,68757,16.29,False,SHADOW_PURCHASE2
61114640,x1,X0,c6,79444,1.48,True,SHADOW_PURCHASE3
61128233,A2,a0,c6,51869,4.1,True,SHADOW_PURCHASE1
61156805,l6,X2,c4,89865,11.97,True,NOTINVOLVED_PURCHASE
61187759,l3,X2,c2,94881,5.09,True,NOTINVOLVED_PURCHASE
61210644,a0,x1,c3,41868,2.76,False,SHADOW_PURCHASE2
61250069,A1,a2,c4,60831,11.52,True,SHADOW_PURCHASE1
61366440,l8,X3,c1,107809,2.13,True,NOTINVOLVED_PURCHASE
61367418,x2,X0,c5,68757,15.59,True,SHADOW_PURCHASE3
61379945,a0,x0,c6,51869,3.58,False,SHADOW_PURCHASE2
61411730,A4,a5,c6,64941,8.67,True,SHADOW_PURCHASE1
61453686,x1,X6,c3,41868,1.62,True,SHADOW_PURCHASE3
61486069,a2,x0,c4,60831,10.43,False,SHADOW_PURCHASE2
61542511,l1,X5,c4,108913,7.51,True,NOTINVOLVED_PURCHASE
61648546,A6,a5,c5,69601,23.95,True,SHADOW_PURCHASE1
61648578,x0,X5,c6,51869,2.66,True,SHADOW_PURCHASE3
61653586,a5,x1,c6,64941,6.24,False,SHADOW_PURCHASE2
61703594,A7,a2,c5,65977,13.97,True,SHADOW_PURCHASE1
61735203,x0,X5,c4,60831,4.45,True,SHADOW_PURCHASE3
61897226,l4,X4,c5,62985,21.28,True,NOTINVOLVED_PURCHASE
61908639,a5,x3,c5,69601,14.08,False,SHADOW_PURCHASE2
61929728,x1,X0,c6,64941,4.11,True,SHADOW_PURCHASE3
61960853,a2,x2,c5,65977,8.58,False,SHADOW_PURCHASE2
62029570,l2,X5,c2,102960,5.55,True,NOTINVOLVED_PURCHASE
62171044,x3,X0,c5,69601,12.61,True,SHADOW_PURCHASE3
62186031,l9,X4,c5,61456,15.11,True,NOTINVOLVED_PURCHASE
62210750,x2,X6,c5,65977,4.9,True,SHADOW_PURCHASE3
62242728,l14,X0,c5,98700,10.39,True,NOTINVOLVED_PURCHASE
62627951,l13,X4,c6,46721,3.27,True,NOTINVOLVED_PURCHASE
62979543,l0,X3,c1,98492,3.88,True,NOTINVOLVED_PURCHASE
63080424,A0,a3,c2,96265,10.21,True,SHADOW_PURCHASE1
63333623,a3,x4,c2,96265,5.18,False,SHADOW_PURCHASE2
63606856,x4,X0,c2,96265,3.0,True,SHADOW_PURCHASE3
